GROUP,PACKAGE,CLASS,INSTRUCTION_MISSED,INSTRUCTION_COVERED,BRANCH_MISSED,BRANCH_COVERED,LINE_MISSED,LINE_COVERED,COMPLEXITY_MISSED,COMPLEXITY_COVERED,METHOD_MISSED,METHOD_COVERED
jlapp-pagamento,br.com.postechfiap.jlapppagamento.domain.pagamento.dto,EventoPedidoDTO,0,73,0,0,0,25,0,16,0,16
jlapp-pagamento,br.com.postechfiap.jlapppagamento.usecase.pagamento,PagamentoUseCase,3,46,0,0,1,13,0,2,0,2
jlapp-pagamento,br.com.postechfiap.jlapppagamento.infra.pagamento.gateway,PagamentoGateway,6,49,0,0,0,12,1,4,1,4
jlapp-pagamento,br.com.postechfiap.jlapppagamento.domain.webhook.mapper,WebhookMapper,3,0,0,0,1,0,1,0,1,0
jlapp-pagamento,br.com.postechfiap.jlapppagamento.domain.webhook.mapper,AtualizacaoStatusPagamentoMapper,3,84,0,0,1,25,1,2,1,2
jlapp-pagamento,br.com.postechfiap.jlapppagamento.usecase.webhook,WebhookUseCase,5,188,2,2,2,39,2,3,0,3
jlapp-pagamento,br.com.postechfiap.jlapppagamento.infra.mq,PedidosSubscriber,0,47,0,2,0,9,0,3,0,2
jlapp-pagamento,br.com.postechfiap.jlapppagamento.infra.mq,PedidoPublisher,0,26,0,0,0,6,0,2,0,2
jlapp-pagamento,br.com.postechfiap.jlapppagamento.domain.pagamento.mapper,PedidoMapper,3,68,0,0,1,18,1,2,1,2
jlapp-pagamento,br.com.postechfiap.jlapppagamento.domain.webhook.model,AtualizacaoStatusPagamento,0,62,0,0,0,21,0,11,0,11
jlapp-pagamento,br.com.postechfiap.jlapppagamento.domain.webhook.model,Evento,12,56,0,0,2,24,1,12,1,12
jlapp-pagamento,br.com.postechfiap.jlapppagamento.infra.webhook.gateway,WebhookGateway,0,19,0,0,0,6,0,2,0,2
jlapp-pagamento,br.com.postechfiap.jlapppagamento.infra.webhook.controller,WebhookController,0,22,0,0,0,7,0,2,0,2
jlapp-pagamento,br.com.postechfiap.jlapppagamento,JlappPagamentoApplication,5,3,0,0,2,1,1,1,1,1
jlapp-pagamento,br.com.postechfiap.jlapppagamento.domain.webhook.dto,WebhookDTO,0,60,0,0,0,22,0,14,0,14
jlapp-pagamento,br.com.postechfiap.jlapppagamento.shared.filter,MdcInterceptor,15,3,0,0,5,1,3,1,3,1
